<?xml version="1.0" encoding="utf-8"?>
<theme>
    <id>32296</id>
    <version><![CDATA[3.0.0]]></version><uid>100004020</uid><id3>33738</id3>
    <titles><title locale="zh_CN"><![CDATA[寂寞]]></title></titles>
    <authors><author locale="zh_CN"><![CDATA[萝卜特]]></author></authors>
    <designers><designer locale="zh_CN"><![CDATA[萝卜特]]></designer></designers>
    <descriptions><description locale="zh_CN"><![CDATA[111]]></description></descriptions>
	<toolversion><![CDATA[01v1.65]]></toolversion>
	<time>1520670244</time>
	<md5result><![CDATA[1bd74f797a9d38571b3192616cdbc312]]></md5result>
</theme>
