<?xml version="1.0" encoding="utf-8"?>
<theme>
    <id>44225</id>
    <version><![CDATA[3.0.0]]></version><uid>100005523</uid><id3>40147</id3>
    <titles><title locale="zh_CN"><![CDATA[爱的宣言]]></title></titles>
    <authors><author locale="zh_CN"><![CDATA[萝卜特]]></author></authors>
    <designers><designer locale="zh_CN"><![CDATA[萝卜特]]></designer></designers>
    <descriptions><description locale="zh_CN"><![CDATA[粉色]]></description></descriptions>
	<toolversion><![CDATA[01v1.66]]></toolversion>
	<time>1527487184</time>
	<md5result><![CDATA[e0c2233f4a3bc3fd15bf08008f1e0797]]></md5result>
</theme>
