<?xml version="1.0" encoding="utf-8"?>
<theme>
    <id>44713</id>
    <version><![CDATA[3.0.0]]></version><uid>100005584</uid><id3>40430</id3>
    <titles><title locale="zh_CN"><![CDATA[那个帅小孩]]></title></titles>
    <authors><author locale="zh_CN"><![CDATA[咸鱼]]></author></authors>
    <designers><designer locale="zh_CN"><![CDATA[咸鱼]]></designer></designers>
    <descriptions><description locale="zh_CN"><![CDATA[任意滑动解锁]]></description></descriptions>
	<toolversion><![CDATA[01v1.66]]></toolversion>
	<time>1529033013</time>
	<md5result><![CDATA[fa721bb4a24ef9e3786bdfaeb8dc0813]]></md5result>
</theme>
