<?xml version="1.0" encoding="utf-8" ?>
<theme>
    <id>39022</id>
    <version><![CDATA[3.0.0]]></version><uid>100004869</uid><id3>37370</id3>
    <titles><title locale="zh_CN"><![CDATA[可爱的她]]></title></titles>
    <authors><author locale="zh_CN"><![CDATA[星雨晨狮]]></author></authors>
    <designers><designer locale="zh_CN"><![CDATA[星雨晨狮]]></designer></designers>
    <descriptions><description locale="zh_CN"><![CDATA[任意滑动解锁，欢迎加入星雨晨狮-vivo主题交流群104220413]]></description></descriptions>
</theme>
