<?xml version="1.0" encoding="utf-8" ?>
<theme>
    <id>16144</id>
    <version><![CDATA[3.0.0]]></version><uid>100002002</uid><id3>25178</id3>
    <titles><title locale="zh_CN"><![CDATA[沃小途 陪伴]]></title></titles>
    <authors><author locale="zh_CN"><![CDATA[沃小途]]></author></authors>
    <designers><designer locale="zh_CN"><![CDATA[沃途文化]]></designer></designers>
    <descriptions><description locale="zh_CN"><![CDATA[vivo fans和有趣的人做好玩的事]]></description></descriptions>
	<edition>2</edition>
</theme>
