<?xml version="1.0" encoding="utf-8"?>
<theme>
    <id>43577</id>
    <version><![CDATA[3.0.0]]></version><uid>100005442</uid><id3>39806</id3>
    <titles><title locale="zh_CN"><![CDATA[怕来者不是你]]></title></titles>
    <authors><author locale="zh_CN"><![CDATA[陌上花开]]></author></authors>
    <designers><designer locale="zh_CN"><![CDATA[陌上花开]]></designer></designers>
    <descriptions><description locale="zh_CN"><![CDATA[解锁说明：任意滑动解锁。
欢迎加入QQ群号:686575314 我们即将在新的一年里给大家带来更多更精致漂亮的皮肤体验]]></description></descriptions>
	<toolversion><![CDATA[01v1.66]]></toolversion>
	<time>1526718480</time>
	<md5result><![CDATA[a3da91219c44afeda9be2ec2e1db4093]]></md5result>
</theme>
