﻿<?xml version="1.0" encoding="utf-8"?>
<theme>
  <titles>
    <title locale="zh_CN"><![CDATA[他久而不离]]></title>
  </titles>
  <authors>
    <author locale="zh_CN"><![CDATA[STAR主题创意]]></author>
  </authors>
  <designers>
    <designer locale="zh_CN"><![CDATA[STAR主题创意]]></designer>
  </designers>
  <descriptions>
    <description locale="zh_CN"><![CDATA[]]></description>
  </descriptions>
  <id>41559</id>
  <version><![CDATA[3.0.0]]></version><uid>100005187</uid><id3>38714</id3>
  <edition>1</edition>
</theme>