<?xml version="1.0" encoding="utf-8" ?>
<theme>
    <id>22247</id>
    <version><![CDATA[3.0.0]]></version><uid>100002762</uid><id3>28357</id3>
    <titles><title locale="zh_CN"><![CDATA[For颜文字]]></title></titles>
    <authors><author locale="zh_CN"><![CDATA[For魑魅]]></author></authors>
    <designers><designer locale="zh_CN"><![CDATA[成都为极科技有限公司]]></designer></designers>
    <descriptions><description locale="zh_CN"><![CDATA[搞笑]]></description></descriptions>
</theme>
