<?xml version="1.0" encoding="utf-8"?>
<theme>
    <id>32120</id>
    <version><![CDATA[3.0.0]]></version><uid>100003998</uid><id3>33650</id3>
    <titles><title locale="zh_CN"><![CDATA[与你心连心]]></title></titles>
    <authors><author locale="zh_CN"><![CDATA[咸鱼]]></author></authors>
    <designers><designer locale="zh_CN"><![CDATA[咸鱼]]></designer></designers>
    <descriptions><description locale="zh_CN"><![CDATA[上滑解锁]]></description></descriptions>
	<toolversion><![CDATA[01v1.65]]></toolversion>
	<time>1521013783</time>
	<md5result><![CDATA[068ab2b00122e34d2b52d2d5838075cc]]></md5result>
</theme>
