<?xml version="1.0" encoding="utf-8"?>
<theme>
    <id>43307</id>
    <version><![CDATA[3.0.0]]></version><uid>100005406</uid><id3>39655</id3>
    <titles><title locale="zh_CN"><![CDATA[因为爱过]]></title></titles>
    <authors><author locale="zh_CN"><![CDATA[八月设计]]></author></authors>
    <designers><designer locale="zh_CN"><![CDATA[江西米果网络有限公司]]></designer></designers>
    <descriptions><description locale="zh_CN"><![CDATA[因为爱过，所以慈悲，因为懂得，所以宽容]]></description></descriptions>
	<toolversion><![CDATA[01v1.66]]></toolversion>
	<time>1529987458</time>
	<md5result><![CDATA[604f060941c770e4b45bd03f5dfdb503]]></md5result>
</theme>
