﻿<?xml version="1.0" encoding="utf-8" ?>
<theme>
    <id>1290</id>
    <version><![CDATA[3.0.0]]></version><id3>14931</id3><uid>100000216</uid>
    <titles>
        <title locale="zh_CN"><![CDATA[风花鸟月]]></title>
    </titles>
    <authors>
        <author locale="zh_CN"><![CDATA[vivo]]></author>
    </authors>
    <designers>
        <designer locale="zh_CN"><![CDATA[]]></designer>
    </designers>
    <descriptions>
        <description locale="zh_CN"><![CDATA[]]></description>
    </descriptions>
	<edition>3</edition>
</theme>
