<?xml version="1.0" encoding="UTF-8"?>

<theme> 
  <id>1543</id>  
  <version><![CDATA[3.0.0]]></version><id3>14725</id3><uid>100000189</uid>  
  <titles> 
    <title locale="zh-CN"><![CDATA[魔法元素]]></title> 
  </titles>  
  <authors> 
    <author locale="zh-CN"><![CDATA[vivo]]></author> 
  </authors>  
  <designers> 
    <designer locale="zh-CN"><![CDATA[]]></designer> 
  </designers>  
  <descriptions> 
    <description locale="zh-CN"><![CDATA[]]></description> 
  </descriptions> 
</theme>
