<?xml version="1.0" encoding="utf-8"?>
<theme>
    <id>43801</id>
    <version><![CDATA[3.0.0]]></version><uid>100005470</uid><id3>39918</id3>
    <titles><title locale="zh_CN"><![CDATA[老地方]]></title></titles>
    <authors><author locale="zh_CN"><![CDATA[Silen]]></author></authors>
    <designers><designer locale="zh_CN"><![CDATA[珠海赛蓝信息科技有限公司]]></designer></designers>
    <descriptions><description locale="zh_CN"><![CDATA[随意滑动解锁，唯美简约，欢迎下载试用，主题QQ反馈群：344672883。]]></description></descriptions>
	<toolversion><![CDATA[01v1.66]]></toolversion>
	<time>1530000996</time>
	<md5result><![CDATA[40f089dae93bb1e385a8372a1b9bdd7b]]></md5result>
</theme>
