<?xml version="1.0" encoding="utf-8"?>
<theme>
    <id>24112</id>
    <version><![CDATA[3.0.0]]></version><uid>100002995</uid><id3>29355</id3>
	<edition>2</edition>
    <titles><title locale="zh_CN"><![CDATA[那青春]]></title></titles>
    <authors><author locale="zh_CN"><![CDATA[加仑帮]]></author></authors>
    <designers><designer locale="zh_CN"><![CDATA[加仑帮]]></designer></designers>
    <descriptions><description locale="zh_CN"><![CDATA[欢迎大家使用“加仑帮”高质量优质主题，或点击上方作者名，更多精美主题等待着您。
使用方式：任意解锁。
编号：C8RDC2012002S009002
售后群：513341425]]></description></descriptions>
	<toolversion><![CDATA[01v1.65]]></toolversion>
	<time>1521751244</time>
	<md5result><![CDATA[8c68174fa32c163c95acc9cf0b63102b]]></md5result>
</theme>
