<?xml version="1.0" encoding="utf-8"?>
<theme>
    <id>43681</id>
    <version><![CDATA[3.0.0]]></version><uid>100005455</uid><id3>39858</id3>
    <titles><title locale="zh_CN"><![CDATA[陪我笑 陪我闹]]></title></titles>
    <authors><author locale="zh_CN"><![CDATA[好奇猫]]></author></authors>
    <designers><designer locale="zh_CN"><![CDATA[好奇猫]]></designer></designers>
    <descriptions><description locale="zh_CN"><![CDATA[陪我哭陪你笑陪我慢慢的变老]]></description></descriptions>
	<toolversion><![CDATA[01v1.66]]></toolversion>
	<time>1526868591</time>
	<md5result><![CDATA[8d6b6cbccd4e76e1f7643a8cc5277209]]></md5result>
</theme>
