<?xml version="1.0" encoding="utf-8" ?>
<theme>
    <id>37962</id>
    <version><![CDATA[3.0.0]]></version><uid>100004734</uid><id3>36737</id3>
    <titles><title locale="zh_CN"><![CDATA[花开花落]]></title></titles>
    <authors><author locale="zh_CN"><![CDATA[Desity]]></author></authors>
    <designers><designer locale="zh_CN"><![CDATA[Desity]]></designer></designers>
    <descriptions><description locale="zh_CN"><![CDATA[花开花落终有时]]></description></descriptions>
</theme>
