<?xml version="1.0" encoding="utf-8" ?>
<theme>
    <id>27268</id>
    <version><![CDATA[3.0.0]]></version><uid>100003390</uid><id3>31015</id3>
    <titles><title locale="zh_CN"><![CDATA[没人能替代你]]></title></titles>
    <authors><author locale="zh_CN"><![CDATA[咸鱼]]></author></authors>
    <designers><designer locale="zh_CN"><![CDATA[咸鱼]]></designer></designers>
    <descriptions><description locale="zh_CN"><![CDATA[向右滑动解锁]]></description></descriptions>
</theme>
