<?xml version="1.0" encoding="utf-8" ?>
<theme>
    <id>8418</id>
    <version><![CDATA[3.0.0]]></version><uid>100001034</uid><id3>20867</id3>
    <titles>
        <title locale="zh_CN"><![CDATA[樱花公主]]></title>
    </titles>
    <authors>
        <author locale="zh_CN"><![CDATA[掌盟创意]]></author>
    </authors>
    <designers>
        <designer locale="zh_CN"><![CDATA[掌盟创意]]></designer>
    </designers>
    <descriptions>
        <description locale="zh_CN"><![CDATA[掌盟创意提供精致免费主题，希望大家喜欢，欢迎加群：286878889]]></description>
    </descriptions>
</theme>
