﻿<?xml version="1.0" encoding="utf-8" ?>
<theme>
    <id>2142</id>
    <version><![CDATA[3.0.0]]></version>
    <id3>15792</id3>
    <uid>100000362</uid>
    <titles>
        <title locale="zh_CN"><![CDATA[我是桃花猫]]></title>
    </titles>
    <authors>
        <author locale="zh_CN"><![CDATA[掌酷设计]]></author>
    </authors>
    <designers>
        <designer locale="zh_CN"><![CDATA[]]></designer>
    </designers>
    <descriptions>
        <description locale="zh_CN"><![CDATA[]]></description>
    </descriptions>
</theme>
