<?xml version="1.0" encoding="utf-8" ?>
<theme>
    <id>19639</id>
    <version><![CDATA[3.0.0]]></version><uid>100002436</uid><id3>27009</id3>
    <titles><title locale="zh_CN"><![CDATA[冰激凌小猪]]></title></titles>
    <authors><author locale="zh_CN"><![CDATA[Hideco]]></author></authors>
    <designers><designer locale="zh_CN"><![CDATA[Hideco]]></designer></designers>
    <descriptions><description locale="zh_CN"><![CDATA[冰激凌小猪]]></description></descriptions>
</theme>
