<?xml version="1.0" encoding="utf-8"?>
<theme>
    <id>34034</id>
    <version><![CDATA[3.0.0]]></version><uid>100004239</uid><id3>34703</id3>
    <titles><title locale="zh_CN"><![CDATA[言情夏日]]></title></titles>
    <authors><author locale="zh_CN"><![CDATA[yilingsan]]></author></authors>
    <designers><designer locale="zh_CN"><![CDATA[福州市壹零叁网络科技]]></designer></designers>
    <descriptions><description locale="zh_CN"><![CDATA[[任意滑动解锁]言情夏日清爽一夏。售后反馈QQ群590360553,欢迎大家有问题及时反馈。]]></description></descriptions>
	<toolversion><![CDATA[01v1.66]]></toolversion>
	<time>1526521318</time>
	<md5result><![CDATA[cfa2b3915acc5bc6d71cebe5fea81170]]></md5result>
</theme>
