<?xml version="1.0" encoding="utf-8"?>
<theme>
    <id>41655</id>
    <version><![CDATA[3.0.0]]></version><uid>100005199</uid><id3>38762</id3>
    <titles><title locale="zh_CN"><![CDATA[胡萝卜北]]></title></titles>
    <authors><author locale="zh_CN"><![CDATA[掌玩]]></author></authors>
    <designers><designer locale="zh_CN"><![CDATA[掌玩]]></designer></designers>
    <descriptions><description locale="zh_CN"><![CDATA[胡萝卜北]]></description></descriptions>
	<toolversion><![CDATA[01v1.66]]></toolversion>
	<time>1527681429</time>
	<md5result><![CDATA[12e92482d1a0f7f5c48a3a6d1ecf189b]]></md5result>
</theme>
