<?xml version="1.0" encoding="utf-8"?>
<theme>
    <id>40135</id>
    <version><![CDATA[3.0.0]]></version><uid>100005009</uid><id3>37967</id3>
    <titles><title locale="zh_CN"><![CDATA[海天一线]]></title></titles>
    <authors><author locale="zh_CN"><![CDATA[嗨嗨嗨]]></author></authors>
    <designers><designer locale="zh_CN"><![CDATA[嗨嗨嗨]]></designer></designers>
    <descriptions><description locale="zh_CN"><![CDATA[海天一线，美好生活]]></description></descriptions>
	<toolversion><![CDATA[01v1.66]]></toolversion>
	<time>1525398666</time>
	<md5result><![CDATA[c6014da0a0e3cd72988888b35a1db485]]></md5result>
</theme>
