<?xml version="1.0" encoding="utf-8" ?>
<theme>
    <id>41503</id>
    <version><![CDATA[3.0.0]]></version><uid>100005180</uid><id3>38686</id3>
    <titles><title locale="zh_CN"><![CDATA[猴三棒在此]]></title></titles>
    <authors><author locale="zh_CN"><![CDATA[EDU]]></author></authors>
    <designers><designer locale="zh_CN"><![CDATA[东莞市伊度网络服务有限公司]]></designer></designers>
    <descriptions><description locale="zh_CN"><![CDATA[解锁方式：向上滑动解锁]]></description></descriptions>
</theme>
