<?xml version="1.0" encoding="utf-8"?>
<theme>
    <id>40639</id>
    <version><![CDATA[3.0.0]]></version><uid>100005072</uid><id3>38225</id3>
    <titles><title locale="zh_CN"><![CDATA[星鹿女孩]]></title></titles>
    <authors><author locale="zh_CN"><![CDATA[yilingsan]]></author></authors>
    <designers><designer locale="zh_CN"><![CDATA[福州市壹零叁网络科技]]></designer></designers>
    <descriptions><description locale="zh_CN"><![CDATA[[任意滑动解锁]一鹿有你，真好。售后反馈QQ群590360553,欢迎大家有问题及时反馈。]]></description></descriptions>
	<toolversion><![CDATA[01v1.66]]></toolversion>
	<time>1530168634</time>
	<md5result><![CDATA[46e03ce55221cc89c35bfec9447dbeb8]]></md5result>
</theme>
