<?xml version="1.0" encoding="utf-8"?>
<theme>
    <id>40167</id>
    <version><![CDATA[3.0.0]]></version><uid>100005013</uid><id3>37983</id3>
    <titles><title locale="zh_CN"><![CDATA[包子兔子]]></title></titles>
    <authors><author locale="zh_CN"><![CDATA[光环文化]]></author></authors>
    <designers><designer locale="zh_CN"><![CDATA[光环文化]]></designer></designers>
    <descriptions><description locale="zh_CN"><![CDATA[欢迎同学们加入我们的欢乐主题群：~ 587207793~搞事情，给我们提建议，有任何问题我们的客服小姐姐都会努力帮你解决哒！！还请大佬们先不要给差评哦]]></description></descriptions>
	<toolversion><![CDATA[01v1.66]]></toolversion>
	<time>1527646894</time>
	<md5result><![CDATA[745ecc260e39d8afff50f1a54277a9ab]]></md5result>
</theme>
