<?xml version="1.0" encoding="utf-8"?>
<theme>
    <id>32104</id>
    <version><![CDATA[3.0.0]]></version><uid>100003996</uid><id3>33642</id3>
    <titles><title locale="zh_CN"><![CDATA[你的一生借我一程]]></title></titles>
    <authors><author locale="zh_CN"><![CDATA[咸鱼]]></author></authors>
    <designers><designer locale="zh_CN"><![CDATA[咸鱼]]></designer></designers>
    <descriptions><description locale="zh_CN"><![CDATA[右滑解锁]]></description></descriptions>
	<toolversion><![CDATA[01v1.66]]></toolversion>
	<time>1528182501</time>
	<md5result><![CDATA[82d5bd7b9faa29a1428b4b2cadbdd3b9]]></md5result>
</theme>
