<?xml version="1.0" encoding="utf-8" ?>
<theme>
    <id>6493</id>
    <version><![CDATA[3.0.0]]></version><uid>100000795</uid><id3>19798</id3>
    <titles>
        <title locale="zh_CN"><![CDATA[三生三世十里桃花]]></title>
    </titles>
    <authors>
        <author locale="zh_CN"><![CDATA[Desity]]></author>
    </authors>
    <designers>
        <designer locale="zh_CN"><![CDATA[Desity]]></designer>
    </designers>
    <descriptions>
        <description locale="zh_CN"><![CDATA[有些爱，藏在嘴边，挂在心尖。浮生若梦，情如流水，爱似桃花……
]]></description>
    </descriptions>
</theme>
