<?xml version="1.0" encoding="utf-8" ?>
<theme>
    <id>23488</id>
    <version><![CDATA[3.0.0]]></version><uid>100002918</uid><id3>29020</id3>
    <titles><title locale="zh_CN"><![CDATA[清凉一夏]]></title></titles>
    <authors><author locale="zh_CN"><![CDATA[UDS]]></author></authors>
    <designers><designer locale="zh_CN"><![CDATA[UDS]]></designer></designers>
    <descriptions><description locale="zh_CN"><![CDATA[酷热夏日，来一杯冰饮，只为给自己带来一丝清凉！我们的主题售后群是：337332452  "UDS主题大本营”, 想交流、吐槽、聊天的请快快加入吧！]]></description></descriptions>
</theme>
