<?xml version="1.0" encoding="utf-8"?>
<theme>
    <id>40687</id>
    <version><![CDATA[3.0.0]]></version><uid>100005078</uid><id3>38258</id3>
    <titles><title locale="zh_CN"><![CDATA[最后你还是我的]]></title></titles>
    <authors><author locale="zh_CN"><![CDATA[咸鱼]]></author></authors>
    <designers><designer locale="zh_CN"><![CDATA[咸鱼]]></designer></designers>
    <descriptions><description locale="zh_CN"><![CDATA[右滑解锁]]></description></descriptions>
	<toolversion><![CDATA[01v1.65]]></toolversion>
	<time>1522636248</time>
	<md5result><![CDATA[dc439af3db5117d180ce139dec4fe427]]></md5result>
</theme>
