<?xml version="1.0" encoding="utf-8" ?>
<theme>
    <id>26172</id>
    <version><![CDATA[3.0.0]]></version><uid>100003253</uid><id3>30451</id3>
    <titles><title locale="zh_CN"><![CDATA[爱情九方格]]></title></titles>
    <authors><author locale="zh_CN"><![CDATA[Hideco]]></author></authors>
    <designers><designer locale="zh_CN"><![CDATA[Hideco]]></designer></designers>
    <descriptions><description locale="zh_CN"><![CDATA[爱情九方格]]></description></descriptions>
</theme>
