<?xml version="1.0" encoding="utf-8"?>
<theme>
    <id>40431</id>
    <version><![CDATA[3.0.0]]></version><uid>100005046</uid><id3>38121</id3>
    <titles><title locale="zh_CN"><![CDATA[境镜]]></title></titles>
    <authors><author locale="zh_CN"><![CDATA[胡萝卜]]></author></authors>
    <designers><designer locale="zh_CN"><![CDATA[武汉市也野网络科技有限公司]]></designer></designers>
    <descriptions><description locale="zh_CN"><![CDATA[
我们的售后群【534881753】欢迎加入
有问题可以联系我们解决的哦
发现【应用不了壁纸】的 
可在【i主题-我的-右上角设置图标】 
将【桌面壁纸随主题更换和锁屏壁纸随主题更换】 打开哦]]></description></descriptions>
</theme>
