<?xml version="1.0" encoding="utf-8"?>
<theme>
    <id>41799</id>
    <version><![CDATA[3.0.0]]></version><uid>100005217</uid><id3>38834</id3>
    <titles><title locale="zh_CN"><![CDATA[晴空]]></title></titles>
    <authors><author locale="zh_CN"><![CDATA[EDU]]></author></authors>
    <designers><designer locale="zh_CN"><![CDATA[东莞市伊度网络服务有限公司]]></designer></designers>
    <descriptions><description locale="zh_CN"><![CDATA[解锁方式:向上滑动解锁
欢迎加入主题群：550264839
更多优质主题,请商店搜索"EDU" ]]></description></descriptions>
	<toolversion><![CDATA[01v1.66]]></toolversion>
	<time>1530269936</time>
	<md5result><![CDATA[ab4cb4ddf6c2a9c339e57c47884ce9c6]]></md5result>
</theme>
