﻿<?xml version="1.0" encoding="utf-8" ?>
<theme>
    <id>14468</id>
    <version><![CDATA[3.0.0]]></version><uid>100001790</uid><id3>24297</id3>
    <titles>
        <title locale="zh_CN"><![CDATA[爱学习的杜甫]]></title>
    </titles>
    <authors>
        <author locale="zh_CN"><![CDATA[掌酷设计]]></author>
    </authors>
    <designers>
        <designer locale="zh_CN"><![CDATA[]]></designer>
    </designers>
    <descriptions>
        <description locale="zh_CN"><![CDATA[]]></description>
    </descriptions>
</theme>
