<?xml version="1.0" encoding="utf-8" ?>
<theme>
    <id>6786</id>
    <version><![CDATA[3.0.0]]></version><uid>100000830</uid><id3>19953</id3>
    <titles>
        <title locale="zh_CN"><![CDATA[桃花绘]]></title>
    </titles>
    <authors>
        <author locale="zh_CN"><![CDATA[漫屏]]></author>
    </authors>
    <designers>
        <designer locale="zh_CN"><![CDATA[漫屏]]></designer>
    </designers>
    <descriptions>
        <description locale="zh_CN"><![CDATA[【解锁方式】向上滑动蝴蝶结部件解锁；
【关于主题】桃花落，等待一场爱的俘虏。
【福利+售后】领取壁纸等相关福利、主题相关意见交流反馈请加[vivo漫屏官方客服群]QQ群315503993，微信平台请搜索公众号：漫屏]]></description>
    </descriptions>
</theme>
