<?xml version="1.0" encoding="utf-8" ?>
<theme>
    <id>32336</id>
    <version><![CDATA[3.0.0]]></version><uid>100004025</uid><id3>33758</id3>
    <titles><title locale="zh_CN"><![CDATA[一个你一辈子]]></title></titles>
    <authors><author locale="zh_CN"><![CDATA[酷酷的藤]]></author></authors>
    <designers><designer locale="zh_CN"><![CDATA[酷酷的藤]]></designer></designers>
    <descriptions><description locale="zh_CN"><![CDATA[爱和幸福其实很简单，一个你一个我。酷酷的藤主题交流;584052379]]></description></descriptions>
</theme>
