<?xml version="1.0" encoding="utf-8"?>
<theme>
    <id>43003</id>
    <version><![CDATA[3.0.0]]></version><uid>100005368</uid><id3>39488</id3>
    <titles><title locale="zh_CN"><![CDATA[此去经年固执思念]]></title></titles>
    <authors><author locale="zh_CN"><![CDATA[弘睿]]></author></authors>
    <designers><designer locale="zh_CN"><![CDATA[弘睿]]></designer></designers>
    <descriptions><description locale="zh_CN"><![CDATA[欢迎加弘睿vivo主题用户群549031179玩耍。 
任意滑动解锁]]></description></descriptions>
	<toolversion><![CDATA[01v1.66]]></toolversion>
	<time>1530239599</time>
	<md5result><![CDATA[8941b28ac47ac4a20310976b3cd6ed8e]]></md5result>
</theme>
