<?xml version="1.0" encoding="utf-8"?>
<theme>
    <id>27788</id>
    <version><![CDATA[3.0.0]]></version><uid>100003455</uid><id3>31275</id3>
    <titles><title locale="zh_CN"><![CDATA[红颜旧]]></title></titles>
    <authors><author locale="zh_CN"><![CDATA[VLife]]></author></authors>
    <designers><designer locale="zh_CN"><![CDATA[VLife]]></designer></designers>
    <descriptions><description locale="zh_CN"><![CDATA[樱花红陌上，杨柳绿池边。]]></description></descriptions>
	<toolversion><![CDATA[01v1.66]]></toolversion>
	<time>1523425450</time>
	<md5result><![CDATA[6eded4afec7b167349e99295f464aa5f]]></md5result>
</theme>
