<?xml version="1.0" encoding="utf-8"?>
<theme>
    <id>43673</id>
    <version><![CDATA[3.0.0]]></version><uid>100005454</uid><id3>39854</id3>
    <titles><title locale="zh_CN"><![CDATA[我们不离不弃]]></title></titles>
    <authors><author locale="zh_CN"><![CDATA[陌上花开]]></author></authors>
    <designers><designer locale="zh_CN"><![CDATA[陌上花开]]></designer></designers>
    <descriptions><description locale="zh_CN"><![CDATA[解锁说明：任意滑动解锁。
欢迎加入QQ群号:686575314 我们即将在新的一年里给大家带来更多更精致漂亮的皮肤体验]]></description></descriptions>
	<toolversion><![CDATA[01v1.66]]></toolversion>
	<time>1526724511</time>
	<md5result><![CDATA[e037771f90640d76168b436950de6e44]]></md5result>
</theme>
