<?xml version="1.0" encoding="utf-8"?>
<theme>
    <id>40863</id>
    <version><![CDATA[3.0.0]]></version><uid>100005100</uid><id3>38346</id3>
    <titles><title locale="zh_CN"><![CDATA[除了吃还能干啥]]></title></titles>
    <authors><author locale="zh_CN"><![CDATA[EDU]]></author></authors>
    <designers><designer locale="zh_CN"><![CDATA[东莞市伊度网络服务有限公司]]></designer></designers>
    <descriptions><description locale="zh_CN"><![CDATA[解锁方式：向上滑动解锁]]></description></descriptions>
	<toolversion><![CDATA[01v1.66]]></toolversion>
	<time>1527323043</time>
	<md5result><![CDATA[21f0a04b0343c38787877877b3d7bc32]]></md5result>
</theme>
