<?xml version="1.0" encoding="utf-8"?>
<theme>
    <id>38950</id>
    <version><![CDATA[3.0.0]]></version><uid>100004860</uid><id3>37299</id3>
    <titles><title locale="zh_CN"><![CDATA[潮起潮落 依然爱你]]></title></titles>
    <authors><author locale="zh_CN"><![CDATA[可爱熊]]></author></authors>
    <designers><designer locale="zh_CN"><![CDATA[可爱熊]]></designer></designers>
    <descriptions><description locale="zh_CN"><![CDATA[潮起潮落，风起云涌，我喜欢你，这都是自然而然的事]]></description></descriptions>
	<toolversion><![CDATA[01v1.66]]></toolversion>
	<time>1528771213</time>
	<md5result><![CDATA[09f815afd0cd4495397e77e911284e50]]></md5result>
</theme>
