<?xml version="1.0" encoding="utf-8"?>
<theme>
    <id>38830</id>
    <version><![CDATA[3.0.0]]></version><uid>100004845</uid><id3>37239</id3>
    <titles><title locale="zh_CN"><![CDATA[旅行]]></title></titles>
    <authors><author locale="zh_CN"><![CDATA[萝卜特]]></author></authors>
    <designers><designer locale="zh_CN"><![CDATA[萝卜特]]></designer></designers>
    <descriptions><description locale="zh_CN"><![CDATA[免费]]></description></descriptions>
	<toolversion><![CDATA[01v1.66]]></toolversion>
	<time>1527212826</time>
	<md5result><![CDATA[8195969dbd2844168f7d76ea21e22520]]></md5result>
</theme>
