<?xml version="1.0" encoding="utf-8" ?>
<theme>
    <id>28276</id>
    <version><![CDATA[3.0.0]]></version><uid>100003517</uid><id3>31575</id3>
    <titles><title locale="zh_CN"><![CDATA[动态 小仓鼠梦境]]></title></titles>
    <authors><author locale="zh_CN"><![CDATA[yilingsan]]></author></authors>
    <designers><designer locale="zh_CN"><![CDATA[福州市壹零叁网络科技]]></designer></designers>
    <descriptions><description locale="zh_CN"><![CDATA[[任意滑动解锁]小小萤火虫舞动效果使得小仓鼠梦境更加梦幻。]]></description></descriptions>
</theme>
