<?xml version="1.0" encoding="utf-8"?>
<theme>
    <id>42675</id>
    <version><![CDATA[3.0.0]]></version><uid>100005327</uid><id3>39307</id3>
    <titles><title locale="zh_CN"><![CDATA[小甜蜜]]></title></titles>
    <authors><author locale="zh_CN"><![CDATA[陌上花开]]></author></authors>
    <designers><designer locale="zh_CN"><![CDATA[陌上花开]]></designer></designers>
    <descriptions><description locale="zh_CN"><![CDATA[解锁说明：向上滑动解锁。
欢迎加入QQ群号:686575314 我们即将在新的一年里给大家带来更多更精致漂亮的皮肤体验]]></description></descriptions>
	<toolversion><![CDATA[01v1.66]]></toolversion>
	<time>1528698290</time>
	<md5result><![CDATA[71f2310d187cb53bd00cfc637870c4eb]]></md5result>
</theme>
