<?xml version="1.0" encoding="utf-8" ?>
<theme>
    <id>29900</id>
    <version><![CDATA[3.0.0]]></version><uid>100003720</uid><id3>32397</id3>
    <titles><title locale="zh_CN"><![CDATA[繁星的夜空]]></title></titles>
    <authors><author locale="zh_CN"><![CDATA[智信]]></author></authors>
    <designers><designer locale="zh_CN"><![CDATA[智信]]></designer></designers>
    <descriptions><description locale="zh_CN"><![CDATA[主题任意滑动解锁]]></description></descriptions>
</theme>
