<?xml version="1.0" encoding="utf-8" ?>
<theme>
    <id>22392</id>
    <version><![CDATA[3.0.0]]></version><uid>100002781</uid><id3>28429</id3>
    <titles><title locale="zh_CN"><![CDATA[路途 薰衣草之恋]]></title></titles>
    <authors><author locale="zh_CN"><![CDATA[智信]]></author></authors>
    <designers><designer locale="zh_CN"><![CDATA[智信]]></designer></designers>
    <descriptions><description locale="zh_CN"><![CDATA[主题上滑解锁]]></description></descriptions>
	<edition>2</edition>
</theme>
