<?xml version="1.0" encoding="utf-8"?>
<theme>
    <id>44177</id>
    <version><![CDATA[3.0.0]]></version><uid>100005517</uid><id3>40123</id3>
    <titles><title locale="zh_CN"><![CDATA[海上黄昏]]></title></titles>
    <authors><author locale="zh_CN"><![CDATA[萝卜特]]></author></authors>
    <designers><designer locale="zh_CN"><![CDATA[萝卜特]]></designer></designers>
    <descriptions><description locale="zh_CN"><![CDATA[海上黄昏]]></description></descriptions>
	<toolversion><![CDATA[01v1.66]]></toolversion>
	<time>1523700768</time>
	<md5result><![CDATA[68aac382f12a73abfb49d2d2a78510dd]]></md5result>
</theme>
