<?xml version="1.0" encoding="utf-8"?>
<theme>
    <id>42595</id>
    <version><![CDATA[3.0.0]]></version><uid>100005317</uid><id3>39267</id3>
    <titles><title locale="zh_CN"><![CDATA[恋爱宣言]]></title></titles>
    <authors><author locale="zh_CN"><![CDATA[陌上花开]]></author></authors>
    <designers><designer locale="zh_CN"><![CDATA[陌上花开]]></designer></designers>
    <descriptions><description locale="zh_CN"><![CDATA[解锁说明：向右滑动解锁。
欢迎加入QQ群号:686575314 我们会给大家带来更多更精致漂亮的皮肤体验]]></description></descriptions>
	<toolversion><![CDATA[01v1.66]]></toolversion>
	<time>1530364777</time>
	<md5result><![CDATA[ac21de5e7b4d068c80ca372854f55c89]]></md5result>
</theme>
