<?xml version="1.0" encoding="utf-8" ?>
<theme>
    <id>29572</id>
    <version><![CDATA[3.0.0]]></version><uid>100003679</uid><id3>32233</id3>
    <titles><title locale="zh_CN"><![CDATA[你在我陈年的梦里]]></title></titles>
    <authors><author locale="zh_CN"><![CDATA[掌盟创意]]></author></authors>
    <designers><designer locale="zh_CN"><![CDATA[掌盟创意]]></designer></designers>
    <descriptions><description locale="zh_CN"><![CDATA[使用说明：上滑解锁；你在我陈年的梦里，简约插画主题送给你，希望喜欢，掌盟创意做更好的主题只为最好的你 欢迎加入我们的售后反馈群 286878889 更多好看壁纸等你来拿！ ]]></description></descriptions>
</theme>
