<?xml version="1.0" encoding="utf-8"?>
<theme>
    <id>38166</id>
    <version><![CDATA[3.0.0]]></version><uid>100004762</uid><id3>36887</id3>
    <titles><title locale="zh_CN"><![CDATA[星 光]]></title></titles>
    <authors><author locale="zh_CN"><![CDATA[智信]]></author></authors>
    <designers><designer locale="zh_CN"><![CDATA[智信]]></designer></designers>
    <descriptions><description locale="zh_CN"><![CDATA[主题任意滑动解锁，主题交流反馈群：578505405]]></description></descriptions>
	<toolversion><![CDATA[01v1.66]]></toolversion>
	<time>1528733426</time>
	<md5result><![CDATA[fd202744c87b2a862810936ae429273d]]></md5result>
</theme>
