<?xml version="1.0" encoding="utf-8"?>
<theme>
    <id>40343</id>
    <version><![CDATA[3.0.0]]></version><uid>100005035</uid><id3>38077</id3>
    <titles><title locale="zh_CN"><![CDATA[爱在灵魂深处]]></title></titles>
    <authors><author locale="zh_CN"><![CDATA[天天]]></author></authors>
    <designers><designer locale="zh_CN"><![CDATA[天天]]></designer></designers>
    <descriptions><description locale="zh_CN"><![CDATA[爱能让人感受到对方内心的感动]]></description></descriptions>
	<toolversion><![CDATA[01v1.65]]></toolversion>
	<time>1521685869</time>
	<md5result><![CDATA[36bb09b330666420181925af5fbec19b]]></md5result>
</theme>
