<?xml version="1.0" encoding="utf-8"?>
<theme>
    <id>42603</id>
    <version><![CDATA[3.0.0]]></version><uid>100005318</uid><id3>39271</id3>
    <titles><title locale="zh_CN"><![CDATA[清新花束告白]]></title></titles>
    <authors><author locale="zh_CN"><![CDATA[咸鱼]]></author></authors>
    <designers><designer locale="zh_CN"><![CDATA[咸鱼]]></designer></designers>
    <descriptions><description locale="zh_CN"><![CDATA[【关于主题】任意滑动解锁。 
【关于锁屏】如果出现锁屏和壁纸不应用时，可进入“i主题”-“设置”-打开“桌面壁纸随主题切换”和“锁屏壁纸随主题切换”选项。然后在“我的本地主题”和“我的本地锁屏”里切换回默认的“主题”和“锁屏”再尝试重新应用主题即可。 
【关于我们】希望大家喜欢，QQ群 472527802]]></description></descriptions>
	<toolversion><![CDATA[01v1.66]]></toolversion>
	<time>1530070886</time>
	<md5result><![CDATA[aca5d8a4541d65f3d7b07eb16f67a385]]></md5result>
</theme>
