<?xml version="1.0" encoding="utf-8" ?>
<theme>
    <id>32768</id>
    <version><![CDATA[3.0.0]]></version><uid>100004079</uid><id3>34005</id3>
    <titles><title locale="zh_CN"><![CDATA[Q萌小怪]]></title></titles>
    <authors><author locale="zh_CN"><![CDATA[光环文化]]></author></authors>
    <designers><designer locale="zh_CN"><![CDATA[光环文化]]></designer></designers>
    <descriptions><description locale="zh_CN"><![CDATA[欢迎大家加入我们的主题群：~ 587207793~给我们提出建议和问题哦，我们会努力帮你解决！！请大家不要先给差评哦~ ]]></description></descriptions>
</theme>
