<?xml version="1.0" encoding="utf-8" ?>
<theme>
    <id>20095</id>
    <version><![CDATA[3.0.0]]></version><uid>100002493</uid><id3>27257</id3>
    <titles><title locale="zh_CN"><![CDATA[特别的猫]]></title></titles>
    <authors><author locale="zh_CN"><![CDATA[点点豆花]]></author></authors>
    <designers><designer locale="zh_CN"><![CDATA[点点豆花]]></designer></designers>
    <descriptions><description locale="zh_CN"><![CDATA[特别的猫]]></description></descriptions>
</theme>
