﻿<?xml version="1.0" encoding="utf-8" ?>
<theme>
    <id>1841</id>
    <version><![CDATA[3.0.0]]></version>
    <id3>14622</id3>
    <uid>100000284</uid>
    <titles>
        <title locale="zh_CN"><![CDATA[水墨画映]]></title>
    </titles>
    <authors>
        <author locale="zh_CN"><![CDATA[掌酷设计]]></author>
    </authors>
    <designers>
        <designer locale="zh_CN"><![CDATA[]]></designer>
    </designers>
    <descriptions>
        <description locale="zh_CN"><![CDATA[]]></description>
    </descriptions>
</theme>
