<?xml version="1.0" encoding="utf-8"?>
<theme>
    <id>40047</id>
    <version><![CDATA[3.0.0]]></version><uid>100004998</uid><id3>37923</id3>
    <titles><title locale="zh_CN"><![CDATA[金龙转世]]></title></titles>
    <authors><author locale="zh_CN"><![CDATA[萝卜特]]></author></authors>
    <designers><designer locale="zh_CN"><![CDATA[萝卜特]]></designer></designers>
    <descriptions><description locale="zh_CN"><![CDATA[1]]></description></descriptions>
	<toolversion><![CDATA[01v1.66]]></toolversion>
	<time>1524638482</time>
	<md5result><![CDATA[a85b81c35a6594e993b4f65f6deb8e34]]></md5result>
</theme>
