<?xml version="1.0" encoding="utf-8" ?>
<theme>
    <id>26092</id>
    <version><![CDATA[3.0.0]]></version><uid>100003243</uid><id3>30411</id3>
    <titles><title locale="zh_CN"><![CDATA[除了你什么都能忘记]]></title></titles>
    <authors><author locale="zh_CN"><![CDATA[好奇猫]]></author></authors>
    <designers><designer locale="zh_CN"><![CDATA[好奇猫]]></designer></designers>
    <descriptions><description locale="zh_CN"><![CDATA[不管你在世界的哪个地方，我一定会去见你]]></description></descriptions>
</theme>
