<?xml version="1.0" encoding="utf-8"?>
<theme>
    <id>42051</id>
    <version><![CDATA[3.0.0]]></version><uid>100005249</uid><id3>38974</id3>
    <titles><title locale="zh_CN"><![CDATA[动态 你笑的样子]]></title></titles>
    <authors><author locale="zh_CN"><![CDATA[咸鱼]]></author></authors>
    <designers><designer locale="zh_CN"><![CDATA[咸鱼]]></designer></designers>
    <descriptions><description locale="zh_CN"><![CDATA[【关于主题】右滑解锁。 
【关于锁屏】如果出现锁屏和壁纸不应用时，可进入“i主题”-“设置”-打开“桌面壁纸随主题切换”和“锁屏壁纸随主题切换”选项。然后在“我的本地主题”和“我的本地锁屏”里切换回默认的“主题”和“锁屏”再尝试重新应用主题即可。 
【关于我们】希望大家喜欢，QQ群 472527802]]></description></descriptions>
	<toolversion><![CDATA[01v1.66]]></toolversion>
	<time>1529906532</time>
	<md5result><![CDATA[af1031431a960a5b529ef9facad182bc]]></md5result>
</theme>
