<?xml version="1.0" encoding="utf-8"?>
<theme>
    <id>33080</id>
    <version><![CDATA[3.0.0]]></version><uid>100004118</uid><id3>34161</id3>
    <titles><title locale="zh_CN"><![CDATA[幸运心]]></title></titles>
    <authors><author locale="zh_CN"><![CDATA[阳光互动]]></author></authors>
    <designers><designer locale="zh_CN"><![CDATA[阳光互动]]></designer></designers>
    <descriptions><description locale="zh_CN"><![CDATA[【解锁方式】任意滑动解锁；
【联系我们】相关问题反馈以及交流请加QQ交流大家庭：315503993，客服大叔、客服小哥、漫酱小姐姐等你来撩；
【关于主题】就让这一抹绿的清新，给你带去不一样的夏天。]]></description></descriptions>
	<toolversion><![CDATA[${toolversion}]]></toolversion>
	<time>${time}</time>
	<md5result><![CDATA[${md5result}]]></md5result>
</theme>
