<?xml version="1.0" encoding="utf-8"?>
<theme>
    <id>42363</id>
    <version><![CDATA[3.0.0]]></version><uid>100005288</uid><id3>39130</id3>
    <titles><title locale="zh_CN"><![CDATA[搞怪汪星人]]></title></titles>
    <authors><author locale="zh_CN"><![CDATA[ZYJ]]></author></authors>
    <designers><designer locale="zh_CN"><![CDATA[黔东南众艺锦网络科技有限公司]]></designer></designers>
    <descriptions><description locale="zh_CN"><![CDATA[【解锁】点击屏幕边缘最左侧或最右侧即可解锁
【玩法】屏锁点击会有狗叫声，四屏锁样式可选择，设置板关闭后，双击屏锁中间第二行文字可激活出设置界面。注意：如果屏锁没有狗叫声音，请到系统设置声音处打开屏锁提示音。
【售后】欢迎加入主题反馈Q群：774247537，点击上方我的名字能看到更多风格的主题！如果喜欢我们的主题，请别忘了给五颗星哦！！~]]></description></descriptions>
	<toolversion><![CDATA[01v1.66]]></toolversion>
	<time>1530800986</time>
	<md5result><![CDATA[ed833435b3efc98295cd537ac75ac1c0]]></md5result>
</theme>
