<?xml version="1.0" encoding="utf-8" ?>
<theme>
    <id>28100</id>
    <version><![CDATA[3.0.0]]></version><uid>100003495</uid><id3>31487</id3>
    <titles><title locale="zh_CN"><![CDATA[为梦想前进]]></title></titles>
    <authors><author locale="zh_CN"><![CDATA[ctheme]]></author></authors>
    <designers><designer locale="zh_CN"><![CDATA[ctheme]]></designer></designers>
    <descriptions><description locale="zh_CN"><![CDATA[为梦想前进。图标唯美简约，深的大众的喜爱。]]></description></descriptions>
</theme>
