<?xml version="1.0" encoding="utf-8"?>
<theme>
    <id>42171</id>
    <version><![CDATA[3.0.0]]></version><uid>100005264</uid><id3>39034</id3>
    <titles><title locale="zh_CN"><![CDATA[长久之安]]></title></titles>
    <authors><author locale="zh_CN"><![CDATA[陌上花开]]></author></authors>
    <designers><designer locale="zh_CN"><![CDATA[陌上花开]]></designer></designers>
    <descriptions><description locale="zh_CN"><![CDATA[解锁说明：向上滑动解锁。
欢迎加入QQ群号:686575314 我们会给大家带来更多更精致漂亮的皮肤体验]]></description></descriptions>
	<toolversion><![CDATA[01v1.66]]></toolversion>
	<time>1530344115</time>
	<md5result><![CDATA[1723092125306a0f4d3942a4281994de]]></md5result>
</theme>
