<?xml version="1.0" encoding="utf-8"?>
<theme>
    <id>43857</id>
    <version><![CDATA[3.0.0]]></version><uid>100005477</uid><id3>39946</id3>
    <titles><title locale="zh_CN"><![CDATA[七彩缤纷]]></title></titles>
    <authors><author locale="zh_CN"><![CDATA[萝卜特]]></author></authors>
    <designers><designer locale="zh_CN"><![CDATA[沙河市木易网络科技工作室]]></designer></designers>
    <descriptions><description locale="zh_CN"><![CDATA[免费主题希望大家喜欢！
【常见问题】壁纸/锁屏没有应用成功请到i主题-设置打开壁纸/锁屏跟随主题切换开关。
【关于我们】我们的主题售后QQ群：253107585。有任何问题都可以加群咨询！
]]></description></descriptions>
	<toolversion><![CDATA[01v1.66]]></toolversion>
	<time>1531296438</time>
	<md5result><![CDATA[ce17d0b7b3ca1aed28d701e57b5d8373]]></md5result>
</theme>
