<?xml version="1.0" encoding="utf-8" ?>
<theme>
    <id>28836</id>
    <version><![CDATA[3.0.0]]></version><uid>100003587</uid><id3>31865</id3>
    <titles><title locale="zh_CN"><![CDATA[社会我猫咪]]></title></titles>
    <authors><author locale="zh_CN"><![CDATA[yilingsan]]></author></authors>
    <designers><designer locale="zh_CN"><![CDATA[福州市壹零叁网络科技]]></designer></designers>
    <descriptions><description locale="zh_CN"><![CDATA[[任意滑动解锁] 这只猫咪可是社会猫！]]></description></descriptions>
</theme>
