<?xml version="1.0" encoding="utf-8"?>
<theme>
    <id>41191</id>
    <version><![CDATA[3.0.0]]></version><uid>100005141</uid><id3>38521</id3>
    <titles><title locale="zh_CN"><![CDATA[青色简山]]></title></titles>
    <authors><author locale="zh_CN"><![CDATA[智信]]></author></authors>
    <designers><designer locale="zh_CN"><![CDATA[智信]]></designer></designers>
    <descriptions><description locale="zh_CN"><![CDATA[主题任意滑动解锁，主题交流反馈群：578505405]]></description></descriptions>
	<toolversion><![CDATA[01v1.66]]></toolversion>
	<time>1526306895</time>
	<md5result><![CDATA[164c99fdef14a90f6a44f9b2eafa7e6e]]></md5result>
</theme>
