<?xml version="1.0" encoding="utf-8"?>
<theme>
    <id>44313</id>
    <version><![CDATA[3.0.0]]></version><uid>100005534</uid><id3>40191</id3>
    <titles><title locale="zh_CN"><![CDATA[简绿]]></title></titles>
    <authors><author locale="zh_CN"><![CDATA[酷点设计]]></author></authors>
    <designers><designer locale="zh_CN"><![CDATA[酷点设计]]></designer></designers>
    <descriptions><description locale="zh_CN"><![CDATA[酷点设计]]></description></descriptions>
	<toolversion><![CDATA[01v1.66]]></toolversion>
	<time>1527489606</time>
	<md5result><![CDATA[f583ab0ca72cd8d0db5e7fdd060b7332]]></md5result>
</theme>
