<?xml version="1.0" encoding="utf-8" ?>
<theme>
    <id>22616</id>
    <version><![CDATA[3.0.0]]></version><uid>100002809</uid><id3>28561</id3>
    <titles><title locale="zh_CN"><![CDATA[给亲爱的自己]]></title></titles>
    <authors><author locale="zh_CN"><![CDATA[咸鱼]]></author></authors>
    <designers><designer locale="zh_CN"><![CDATA[咸鱼]]></designer></designers>
    <descriptions><description locale="zh_CN"><![CDATA[上滑解锁]]></description></descriptions>
</theme>
