<?xml version="1.0" encoding="utf-8" ?>
<theme>
    <id>31904</id>
    <version><![CDATA[3.0.0]]></version><uid>100003971</uid><id3>33542</id3>
    <titles><title locale="zh_CN"><![CDATA[下辈子有人疼]]></title></titles>
    <authors><author locale="zh_CN"><![CDATA[ctheme]]></author></authors>
    <designers><designer locale="zh_CN"><![CDATA[ctheme]]></designer></designers>
    <descriptions><description locale="zh_CN"><![CDATA[文艺清新范主题，图标简约唯美，深受大众喜爱。]]></description></descriptions>
</theme>
