<?xml version="1.0" encoding="utf-8"?>
<theme>
    <id>40759</id>
    <version><![CDATA[3.0.0]]></version><uid>100005087</uid><id3>38294</id3>
    <titles><title locale="zh_CN"><![CDATA[星空下的心]]></title></titles>
    <authors><author locale="zh_CN"><![CDATA[好奇猫]]></author></authors>
    <designers><designer locale="zh_CN"><![CDATA[好奇猫]]></designer></designers>
    <descriptions><description locale="zh_CN"><![CDATA[浪漫的星空下，霓虹色的心在闪烁]]></description></descriptions>
	<toolversion><![CDATA[01v1.66]]></toolversion>
	<time>1525833291</time>
	<md5result><![CDATA[51f75670f972f52f3e4dd0b81f11f592]]></md5result>
</theme>
