<?xml version="1.0" encoding="utf-8" ?>
<theme>
    <id>30380</id>
    <version><![CDATA[3.0.0]]></version><uid>100003780</uid><id3>32708</id3>
    <titles><title locale="zh_CN"><![CDATA[炫蓝幻车]]></title></titles>
    <authors><author locale="zh_CN"><![CDATA[掌酷设计]]></author></authors>
    <designers><designer locale="zh_CN"><![CDATA[掌酷设计]]></designer></designers>
    <descriptions><description locale="zh_CN"><![CDATA[地上跑的车见的多了，豪车在星空穿梭你见过没？]]></description></descriptions>
</theme>
