<?xml version="1.0" encoding="utf-8"?>
<theme>
    <id>41599</id>
    <version><![CDATA[3.0.0]]></version><uid>100005192</uid><id3>38734</id3>
    <titles><title locale="zh_CN"><![CDATA[雁荡山]]></title></titles>
    <authors><author locale="zh_CN"><![CDATA[仲夏]]></author></authors>
    <designers><designer locale="zh_CN"><![CDATA[冏创科技]]></designer></designers>
    <descriptions><description locale="zh_CN"><![CDATA[1]]></description></descriptions>
	<toolversion><![CDATA[01v1.66]]></toolversion>
	<time>1525492973</time>
	<md5result><![CDATA[823b87d6a77a754bc51dcd4ca2d4d46d]]></md5result>
</theme>
