<?xml version="1.0" encoding="utf-8"?>
<theme>
    <id>42459</id>
    <version><![CDATA[3.0.0]]></version><uid>100005300</uid><id3>39199</id3>
    <titles><title locale="zh_CN"><![CDATA[柔软生茧]]></title></titles>
    <authors><author locale="zh_CN"><![CDATA[弘睿]]></author></authors>
    <designers><designer locale="zh_CN"><![CDATA[弘睿]]></designer></designers>
    <descriptions><description locale="zh_CN"><![CDATA[所有坚强 都是柔软生的茧
弘睿vivo主题用户群549031179
任意滑动解锁
【常见问题解答】
vivo锁屏、桌面壁纸不显示： 锁屏、桌面壁纸不跟主题一起切换是设置的问题，壁纸更换方法：i主题——我的——右上角齿轮——点开“桌面壁纸、锁屏壁纸”随主题更换。]]></description></descriptions>
	<toolversion><![CDATA[01v1.65]]></toolversion>
	<time>1522383014</time>
	<md5result><![CDATA[1292a7a0d73df7f472f169d082d879bb]]></md5result>
</theme>
