<?xml version="1.0" encoding="utf-8"?>
<theme>
    <id>44833</id>
    <version><![CDATA[3.0.0]]></version><uid>100005599</uid><id3>40490</id3>
    <titles><title locale="zh_CN"><![CDATA[星旅]]></title></titles>
    <authors><author locale="zh_CN"><![CDATA[寻诗创意]]></author></authors>
    <designers><designer locale="zh_CN"><![CDATA[厦门衡逸文化传播有限公司]]></designer></designers>
    <descriptions><description locale="zh_CN"><![CDATA[心之旅途]]></description></descriptions>
	<toolversion><![CDATA[01v1.66]]></toolversion>
	<time>1531982071</time>
	<md5result><![CDATA[b0a14594e0b12898a61cc3157d5293f3]]></md5result>
</theme>
