<?xml version="1.0" encoding="utf-8" ?>
<theme>
    <id>30308</id>
    <version><![CDATA[3.0.0]]></version><uid>100003771</uid><id3>32672</id3>
    <titles><title locale="zh_CN"><![CDATA[机械风暴]]></title></titles>
    <authors><author locale="zh_CN"><![CDATA[bestheme]]></author></authors>
    <designers><designer locale="zh_CN"><![CDATA[bestheme]]></designer></designers>
    <descriptions><description locale="zh_CN"><![CDATA[机械风暴即将来临！]]></description></descriptions>
</theme>
