<?xml version="1.0" encoding="utf-8"?>
<theme>
    <id>37498</id>
    <version><![CDATA[3.0.0]]></version><uid>100004676</uid><id3>36505</id3>
    <titles><title locale="zh_CN"><![CDATA[花落半歌里]]></title></titles>
    <authors><author locale="zh_CN"><![CDATA[弘睿]]></author></authors>
    <designers><designer locale="zh_CN"><![CDATA[弘睿]]></designer></designers>
    <descriptions><description locale="zh_CN"><![CDATA[弘睿vivo主题群549031179。
朴素而唯美，自然与心境的艺术质感，
图标精致得体，近乎于全图标覆盖效果，欢迎大家下载使用。]]></description></descriptions>
	<toolversion><![CDATA[01v1.66]]></toolversion>
	<time>1528163542</time>
	<md5result><![CDATA[1db0fb34b3181c583a3bc7db9ec028d4]]></md5result>
</theme>
