<?xml version="1.0" encoding="utf-8" ?>
<theme>
    <id>20039</id>
    <version><![CDATA[3.0.0]]></version><uid>100002486</uid><id3>27229</id3>
    <titles><title locale="zh_CN"><![CDATA[小可爱]]></title></titles>
    <authors><author locale="zh_CN"><![CDATA[ctheme]]></author></authors>
    <designers><designer locale="zh_CN"><![CDATA[ctheme]]></designer></designers>
    <descriptions><description locale="zh_CN"><![CDATA[可爱的小猫咪，人人都爱它，期待你的下载。]]></description></descriptions>
</theme>
