<?xml version="1.0" encoding="utf-8"?>
<theme>
    <id>42435</id>
    <version><![CDATA[3.0.0]]></version><uid>100005297</uid><id3>39187</id3>
    <titles><title locale="zh_CN"><![CDATA[萌兔兔之爱萝卜]]></title></titles>
    <authors><author locale="zh_CN"><![CDATA[UDS]]></author></authors>
    <designers><designer locale="zh_CN"><![CDATA[UDS]]></designer></designers>
    <descriptions><description locale="zh_CN"><![CDATA[萌兔兔之爱萝卜。]]></description></descriptions>
	<toolversion><![CDATA[01v1.65]]></toolversion>
	<time>1523539682</time>
	<md5result><![CDATA[416cd379f16324cda61082d0c5e5fd10]]></md5result>
</theme>
