<?xml version="1.0" encoding="utf-8" ?>
<theme>
    <id>22207</id>
    <version><![CDATA[3.0.0]]></version><uid>100002757</uid><id3>28337</id3>
    <titles><title locale="zh_CN"><![CDATA[清韵]]></title></titles>
    <authors><author locale="zh_CN"><![CDATA[掌盟创意]]></author></authors>
    <designers><designer locale="zh_CN"><![CDATA[掌盟创意]]></designer></designers>
    <descriptions><description locale="zh_CN"><![CDATA[免费主题]]></description></descriptions>
</theme>
